nCodServ;inativo;cCodigo;cDescricao;cDescrCompleta;nPrecoUnit;cIdTrib;cCodLC116;cCodServMun;cCodCateg;nAliqISS;cRetISS;nAliqPIS;cRetPIS;nAliqCOFINS;cRetCOFINS;nAliqCSLL;cRetCSLL;nAliqIR;cRetIR;nAliqINSS;cRetINSS;cCstIbsCbs;cClassTrib;cIndOper;nAliqIbsMun;nAliqIbsUf;nAliqCbs;nPercReducaoIbsMun;nPercReducaoIbsUf;nPercReducaoCbs
1979758762;N;hr;. Hora Trabalhada;Hora Trabalhada;193;01;14.01;140101;1.01.02;3;N;0;N;0;N;0;N;0;N;0;N;000;000001;030103;0;0,1;0,9;0;0;0
1979955370;S;hr.m;Hora Trabalhada Garantia Mahindra;Hora Trabalhada;110;01;14.01;3314712;;0;N;0;N;0;N;0;N;0;N;0;N;000;000001;030103;0;0,1;0,9;0;0;0
1975974257;N;KM;. KM Deslocamento;Deslocamento por KM;3,6;01;14.01;140101;1.01.93;3;N;0;N;0;N;0;N;0;N;0;N;000;000001;030103;0;0,1;0,9;0;0;0
1975822738;S;rev.2025.600;3.   Revisão de 600 horas 2025;3.   Revisão de 600 horas 2025;0;01;14.01;140101;;0;N;0;N;0;N;0;N;0;N;0;N;000;000001;030103;0;0,1;0,9;0;0;0
1975955290;S;rev.9500S.3000;11º Revisão -   3000 horas 9500S;11º Revisão -   3000 horas 9500S||- Troca do óleo do motor|- Troca do óleo da transmissão|- Troca do óleo das ponteiras|- Troca do filtro lubrificante do motor|- Troca do filtro do combustível|- Troca do filtro racor|- Troca do filtro da transmissão|- Troca do filtro do hidráulico|- Troca do filtro pequeno de ar|- Troca do filtro grande ar;560;01;14.01;140101;1.01.02;0;N;0;N;0;N;0;N;0;N;0;N;000;000001;030103;0;0,1;0,9;0;0;0
1979659458;N;rev2025.1200;Revisão de 1200 horas 2025;Revisão de 1200 horas 2025 - Troca de Óleo do Motor, Troca de Filtro do Motor, Troca de Filtro do Combustível, Troca de Filtro do Hidráulico, Troca de Filtro de Ar, Troca de Filtro de Ar, Troca de Correia do Motor.;0;01;14.01;3314712;1.01.95;3;N;0;N;0;N;0;N;0;N;0;N;000;000001;030103;0;0,1;0,9;0;0;0
1979659460;N;rev2025.1500;Revisão de 1500 horas 2025;Revisão de 1500 horas 2025 - Troca de Óleo do Motor, Troca de Filtro do Motor, Troca de Filtro do Combustível, Troca de Filtro do Hidráulico, Troca de Filtro de Ar, Troca de Filtro de Ar.;0;01;14.01;3314712;1.01.95;3;N;0;N;0;N;0;N;0;N;0;N;000;000001;030103;0;0,1;0,9;0;0;0
1979659462;N;rev2025.1800;Revisão de 1800 horas 2025;Revisão de 1800 horas 2025 - Troca de Óleo do Motor, Troca de Filtro do Motor, Troca de Filtro do Combustível, Troca de Filtro do Hidráulico, Troca de Filtro de Ar, Troca de Filtro de Ar.;0;01;14.01;3314712;1.01.95;3;N;0;N;0;N;0;N;0;N;0;N;000;000001;030103;0;0,1;0,9;0;0;0
1979659464;N;rev2025.2100;Revisão de 2100 horas 2025;Revisão de 2100 horas 2025 - Troca de Óleo do Motor, Troca de Filtro do Motor, Troca de Filtro do Combustível, Troca de Filtro do Hidráulico, Troca de Óleo do Cambio, Adição de aditivo no Radiador, Troca de Filtro de Ar, Troca de Filtro de Ar.;0;01;14.01;3314712;1.01.02;3;N;0;N;0;N;0;N;0;N;0;N;000;000001;030103;0;0,1;0,9;0;0;0
1979659466;N;rev2025.2400;Revisão de 2400 horas 2025;Revisão de 2400 horas 2025 - Troca de Óleo do Motor, Troca de Filtro do Motor, Troca de Filtro do Combustível, Troca de Filtro do Hidráulico, Troca de Filtro de Ar, Troca de Filtro de Ar, Troca de Correia do Motor.;0;01;14.01;3314712;1.01.95;3;N;0;N;0;N;0;N;0;N;0;N;000;000001;030103;0;0,1;0,9;0;0;0
1979659468;N;rev2025.2700;Revisão de 2700 horas 2025;Revisão de 2700 horas 2025 - Troca de Óleo do Motor, Troca de Filtro do Motor, Troca de Filtro do Combustível, Troca de Filtro do Hidráulico, Troca de Filtro de Ar, Troca de Filtro de Ar.;0;01;14.01;3314712;1.01.95;3;N;0;N;0;N;0;N;0;N;0;N;000;000001;030103;0;0,1;0,9;0;0;0
1975809873;N;rev2025.300;Revisão de 300 horas 2025;Revisão de 300 horas 2025 - Troca de Óleo do Motor, Troca de Filtro do Motor, Troca de Filtro do Combustível, Troca de Filtro do Hidráulico, Troca de Filtro de Ar, Troca de Filtro de Ar.;0;01;14.01;3314712;1.01.95;3;N;0;N;0;N;0;N;0;N;0;N;000;000001;030103;0;0,1;0,9;0;0;0
1979659470;N;rev2025.3000;Revisão de 3000 horas 2025;Revisão de 3000 horas 2025 - Troca de Óleo do Motor, Troca de Filtro do Motor, Troca de Filtro do Combustível, Troca de Filtro do Hidráulico, Troca de Filtro de Ar, Troca de Filtro de Ar.;0;01;14.01;3314712;1.01.95;3;N;0;N;0;N;0;N;0;N;0;N;000;000001;030103;0;0,1;0,9;0;0;0
1975765598;N;rev2025.50;Revisão de 50 horas 2025;Revisão de 50 horas 2025 - Troca de Óleo do Motor, Troca de Filtro do Motor, Troca de Filtro do Combustível, Troca de Filtro do Hidráulico.;0;01;14.01;3314712;1.01.95;3;N;0;N;0;N;0;N;0;N;0;N;000;000001;030103;0;0,1;0,9;0;0;0
1979659454;N;rev2025.600;Revisão de 600 horas 2025;Revisão de 600 horas 2025 - Troca de Óleo do Motor, Troca de Filtro do Motor, Troca de Filtro do Combustível, Troca de Filtro do Hidráulico, Troca de Filtro de Ar, Troca de Filtro de Ar.;0;01;14.01;3314712;1.01.95;3;N;0;N;0;N;0;N;0;N;0;N;000;000001;030103;0;0,1;0,9;0;0;0
1979659456;N;rev2025.900;Revisão de 900 horas 2025;Revisão de 900 horas 2025 - Troca de Óleo do Motor, Troca de Filtro do Motor, Troca de Filtro do Combustível, Troca de Filtro do Hidráulico, Troca de Óleo do Cambio, Adição de aditivo no Radiador, Troca de Filtro de Ar, Troca de Filtro de Ar.;0;01;14.01;3314712;1.01.95;3;N;0;N;0;N;0;N;0;N;0;N;000;000001;030103;0;0,1;0,9;0;0;0
1979738306;N;rev6060.1200;Revisão de 1200 horas 6060;Revisão de 1200 horas 6060 - Troca de Óleo do Motor, Troca de Óleo da Transmissão e do Hidráulico, Troca de Filtro do Motor, Troca de Filtro do Combustível, Troca de Filtro do Combustível, Troca de Óleo do Cambio, Adição de aditivo no Radiador, Troca de Filtro do Hidráulico, Troca de Filtro de Ar, Troca de correia 13x1135, Troca de junta tampa valvula.;0;01;14.01;3314712;1.01.02;3;N;0;N;0;N;0;N;0;N;0;N;000;000001;030103;0;0,1;0,9;0;0;0
1979738308;N;rev6060.1500;Revisão de 1500 horas 6060;Revisão de 1500 horas 6060 - Troca de Óleo do Motor, Troca de Óleo da Transmissão e do Hidráulico, Troca de Filtro do Motor, Troca de Filtro do Combustível, Troca de Filtro do Combustível, Troca de Óleo do Cambio, Troca de Filtro do Hidráulico, Troca de Filtro de Ar.;0;01;14.01;3314712;1.01.02;3;N;0;N;0;N;0;N;0;N;0;N;000;000001;030103;0;0,1;0,9;0;0;0
1979738310;N;rev6060.1800;Revisão de 1800 horas 6060;Revisão de 1800 horas 6060 - Troca de Óleo do Motor, Troca de Óleo da Transmissão e do Hidráulico, Troca de Filtro do Motor, Troca de Filtro do Combustível, Troca de Filtro do Combustível, Troca de Óleo do Cambio, Troca de Filtro do Hidráulico, Troca de Filtro de Ar.;0;01;14.01;3314712;1.01.02;3;N;0;N;0;N;0;N;0;N;0;N;000;000001;030103;0;0,1;0,9;0;0;0
1979738312;N;rev6060.2100;Revisão de 2100 horas 6060;Revisão de 2100 horas 6060 - Troca de Óleo do Motor, Troca de Óleo da Transmissão e do Hidráulico, Troca de Filtro do Motor, Troca de Filtro do Combustível, Troca de Filtro do Combustível, Troca de Óleo do Cambio, Troca de Filtro do Hidráulico, Troca de Filtro de Ar.;0;01;14.01;3314712;1.01.02;3;N;0;N;0;N;0;N;0;N;0;N;000;000001;030103;0;0,1;0,9;0;0;0
1979738316;N;rev6060.2400;Revisão de 2400 horas 6060;Revisão de 2400 horas 6060 - Troca de Óleo do Motor, Troca de Óleo da Transmissão e do Hidráulico, Troca de Filtro do Motor, Troca de Filtro do Combustível, Troca de Filtro do Combustível, Troca de Óleo do Cambio, Adição de aditivo no Radiador, Troca de Filtro do Hidráulico, Troca de Filtro de Ar, Troca de correia 13x1135, Troca de junta tampa valvula.;0;01;14.01;3314712;1.01.02;3;N;0;N;0;N;0;N;0;N;0;N;000;000001;030103;0;0,1;0,9;0;0;0
1979738321;N;rev6060.2700;Revisão de 2700 horas 6060;Revisão de 2700 horas 6060 - Troca de Óleo do Motor, Troca de Óleo da Transmissão e do Hidráulico, Troca de Filtro do Motor, Troca de Filtro do Combustível, Troca de Filtro do Combustível, Troca de Óleo do Cambio, Troca de Filtro do Hidráulico, Troca de Filtro de Ar.;0;01;14.01;3314712;1.01.02;3;N;0;N;0;N;0;N;0;N;0;N;000;000001;030103;0;0,1;0,9;0;0;0
1979738300;N;rev6060.300;Revisão de 300 horas 6060;Revisão de 300 horas 6060 - Troca de Óleo do Motor, Troca de Óleo da Transmissão e do Hidráulico, Troca de Filtro do Motor, Troca de Filtro do Combustível, Troca de Filtro do Combustível, Troca de Óleo do Cambio, Troca de Filtro do Hidráulico, Troca de Filtro de Ar.;0;01;14.01;3314712;1.01.02;3;N;0;N;0;N;0;N;0;N;0;N;000;000001;030103;0;0,1;0,9;0;0;0
1979738323;N;rev6060.3000;Revisão de 3000 horas 6060;Revisão de 3000 horas 6060 - Troca de Óleo do Motor, Troca de Óleo da Transmissão e do Hidráulico, Troca de Filtro do Motor, Troca de Filtro do Combustível, Troca de Filtro do Combustível, Troca de Óleo do Cambio, Troca de Filtro do Hidráulico, Troca de Filtro de Ar.;0;01;14.01;3314712;1.01.02;3;N;0;N;0;N;0;N;0;N;0;N;000;000001;030103;0;0,1;0,9;0;0;0
1979738298;N;rev6060.50;Revisão de 50 horas 6060;Revisão de 50 horas 6060 - Troca de Óleo do Motor, Troca de Óleo da Transmissão e do Hidráulico, Troca de Filtro do Motor, Troca de Filtro do Combustível, Troca de Filtro do Combustível,;0;01;14.01;3314712;1.01.02;3;N;0;N;0;N;0;N;0;N;0;N;000;000001;030103;0;0,1;0,9;0;0;0
1979738302;N;rev6060.600;Revisão de 600 horas 6060;Revisão de 600 horas 6060 - Troca de Óleo do Motor, Troca de Óleo da Transmissão e do Hidráulico, Troca de Filtro do Motor, Troca de Filtro do Combustível, Troca de Filtro do Combustível, Troca de Óleo do Cambio, Troca de Filtro do Hidráulico, Troca de Filtro de Ar.;0;01;14.01;3314712;1.01.02;3;N;0;N;0;N;0;N;0;N;0;N;000;000001;030103;0;0,1;0,9;0;0;0
1979738304;N;rev6060.900;Revisão de 900 horas 6060;Revisão de 900 horas 6060 - Troca de Óleo do Motor, Troca de Óleo da Transmissão e do Hidráulico, Troca de Filtro do Motor, Troca de Filtro do Combustível, Troca de Filtro do Combustível, Troca de Óleo do Cambio, Troca de Filtro do Hidráulico, Troca de Filtro de Ar.;0;01;14.01;3314712;1.01.02;3;N;0;N;0;N;0;N;0;N;0;N;000;000001;030103;0;0,1;0,9;0;0;0
1979723315;N;rev6075.1200;Revisão de 1200 horas 6075;Revisão de 1200 horas 6075 - Troca de Óleo do Motor, Troca de Óleo da Transmissão e do Hidráulico, Troca de Filtro do Motor, Troca de Filtro do Combustível, Troca de Óleo do Cambio, Adição de aditivo no Radiador, Troca de Filtro do Hidráulico, Troca de Filtro de Ar,;0;01;14.01;3314712;1.01.02;3;N;0;N;0;N;0;N;0;N;0;N;000;000001;030103;0;0,1;0,9;0;0;0
1979723317;N;rev6075.1500;Revisão de 1500 horas 6075;Revisão de 1500 horas 6075 - Troca de Óleo do Motor, Troca de Óleo da Transmissão e do Hidráulico, Troca de Filtro do Motor, Troca de Filtro do Combustível, Troca de Óleo do Cambio, Troca de Filtro do Hidráulico, Troca de Filtro de Ar, Troca de Filtro de Ar.;0;01;14.01;3314712;1.01.02;3;N;0;N;0;N;0;N;0;N;0;N;000;000001;030103;0;0,1;0,9;0;0;0
1979723320;N;rev6075.1800;Revisão de 1800 horas 6075;Revisão de 1800 horas 6075 - Troca de Óleo do Motor, Troca de Óleo da Transmissão e do Hidráulico, Troca de Filtro do Motor, Troca de Filtro do Combustível, Troca de Óleo do Cambio, Troca de Filtro do Hidráulico, Troca de Filtro de Ar, Troca de Filtro de Ar.;0;01;14.01;3314712;1.01.02;3;N;0;N;0;N;0;N;0;N;0;N;000;000001;030103;0;0,1;0,9;0;0;0
1979723327;N;rev6075.2100;Revisão de 2100 horas 6075;Revisão de 2100 horas 6075 - Troca de Óleo do Motor, Troca de Óleo da Transmissão e do Hidráulico, Troca de Filtro do Motor, Troca de Filtro do Combustível, Troca de Óleo do Cambio, Troca de Filtro do Hidráulico, Troca de Filtro de Ar, Troca de Filtro de Ar.;0;01;14.01;3314712;1.01.02;3;N;0;N;0;N;0;N;0;N;0;N;000;000001;030103;0;0,1;0,9;0;0;0
1979723329;N;rev6075.2400;Revisão de 2400 horas 6075;Revisão de 2400 horas 6075 - Troca de Óleo do Motor, Troca de Óleo da Transmissão e do Hidráulico, Troca de Filtro do Motor, Troca de Filtro do Combustível, Troca de Óleo do Cambio, Adição de aditivo no Radiador, Troca de Filtro do Hidráulico, Troca de Filtro de Ar,;0;01;14.01;3314712;1.01.02;3;N;0;N;0;N;0;N;0;N;0;N;000;000001;030103;0;0,1;0,9;0;0;0
1979723333;N;rev6075.2700;Revisão de 2700 horas 6075;Revisão de 2700 horas 6075 - Troca de Óleo do Motor, Troca de Óleo da Transmissão e do Hidráulico, Troca de Filtro do Motor, Troca de Filtro do Combustível, Troca de Óleo do Cambio, Troca de Filtro do Hidráulico, Troca de Filtro de Ar, Troca de Filtro de Ar.;0;01;14.01;3314712;1.01.02;3;N;0;N;0;N;0;N;0;N;0;N;000;000001;030103;0;0,1;0,9;0;0;0
1979723309;N;rev6075.300;Revisão de 300 horas 6075;Revisão de 300 horas 6075 - Troca de Óleo do Motor, Troca de Óleo da Transmissão e do Hidráulico, Troca de Filtro do Motor, Troca de Filtro do Combustível, Troca de Óleo do Cambio, Troca de Filtro do Hidráulico, Troca de Filtro de Ar, Troca de Filtro de Ar.;0;01;14.01;3314712;1.01.02;3;N;0;N;0;N;0;N;0;N;0;N;000;000001;030103;0;0,1;0,9;0;0;0
1979723335;N;rev6075.3000;Revisão de 3000 horas 6075;Revisão de 3000 horas 6075 - Troca de Óleo do Motor, Troca de Óleo da Transmissão e do Hidráulico, Troca de Filtro do Motor, Troca de Filtro do Combustível, Troca de Óleo do Cambio, Troca de Filtro do Hidráulico, Troca de Filtro de Ar, Troca de Filtro de Ar.;0;01;14.01;3314712;1.01.02;3;N;0;N;0;N;0;N;0;N;0;N;000;000001;030103;0;0,1;0,9;0;0;0
1979723306;N;rev6075.50;Revisão de 50 horas 6075;Revisão de 50 horas 6075 - Troca de Óleo do Motor, Troca de Óleo da Transmissão e do Hidráulico, Troca de Filtro do Motor, Troca de Filtro do Combustível, Troca de Filtro do Hidráulico.;0;01;14.01;3314712;1.01.02;3;N;0;N;0;N;0;N;0;N;0;N;000;000001;030103;0;0,1;0,9;0;0;0
1979723311;N;rev6075.600;Revisão de 600 horas 6075;Revisão de 600 horas 6075 - Troca de Óleo do Motor, Troca de Óleo da Transmissão e do Hidráulico, Troca de Filtro do Motor, Troca de Filtro do Combustível, Troca de Óleo do Cambio, Troca de Filtro do Hidráulico, Troca de Filtro de Ar, Troca de Filtro de Ar.;0;01;14.01;3314712;1.01.02;3;N;0;N;0;N;0;N;0;N;0;N;000;000001;030103;0;0,1;0,9;0;0;0
1979723313;N;rev6075.900;Revisão de 900 horas 6075;Revisão de 900 horas 6075 - Troca de Óleo do Motor, Troca de Óleo da Transmissão e do Hidráulico, Troca de Filtro do Motor, Troca de Filtro do Combustível, Troca de Óleo do Cambio, Troca de Filtro do Hidráulico, Troca de Filtro de Ar, Troca de Filtro de Ar.;0;01;14.01;3314712;1.01.02;3;N;0;N;0;N;0;N;0;N;0;N;000;000001;030103;0;0,1;0,9;0;0;0
1979723345;N;rev9500.1200;Revisão de 1200 horas 9500;Revisão de 1200 horas 9500 - Troca de Óleo do Motor, Troca de Óleo da Transmissão e do Hidráulico, Troca de Filtro do Motor, Troca de Filtro do Combustível, Troca de Óleo do Cambio, Adição de aditivo no Radiador, Troca de Filtro do Hidráulico, Troca de Filtro de Ar,;0;01;14.01;3314712;1.01.02;3;N;0;N;0;N;0;N;0;N;0;N;000;000001;030103;0;0,1;0,9;0;0;0
1979723347;N;rev9500.1500;Revisão de 1500 horas 9500;Revisão de 1500 horas 9500 - Troca de Óleo do Motor, Troca de Óleo da Transmissão e do Hidráulico, Troca de Filtro do Motor, Troca de Filtro do Combustível, Troca de Óleo do Cambio, Troca de Filtro do Hidráulico, Troca de Filtro de Ar, Troca de Filtro de Ar.;0;01;14.01;3314712;1.01.02;3;N;0;N;0;N;0;N;0;N;0;N;000;000001;030103;0;0,1;0,9;0;0;0
1979723349;N;rev9500.1800;Revisão de 1800 horas 9500;Revisão de 1800 horas 9500 - Troca de Óleo do Motor, Troca de Óleo da Transmissão e do Hidráulico, Troca de Filtro do Motor, Troca de Filtro do Combustível, Troca de Óleo do Cambio, Troca de Filtro do Hidráulico, Troca de Filtro de Ar, Troca de Filtro de Ar.;0;01;14.01;3314712;1.01.02;3;N;0;N;0;N;0;N;0;N;0;N;000;000001;030103;0;0,1;0,9;0;0;0
1979723351;N;rev9500.2100;Revisão de 2100 horas 9500;Revisão de 2100 horas 9500 - Troca de Óleo do Motor, Troca de Óleo da Transmissão e do Hidráulico, Troca de Filtro do Motor, Troca de Filtro do Combustível, Troca de Óleo do Cambio, Troca de Filtro do Hidráulico, Troca de Filtro de Ar, Troca de Filtro de Ar.;0;01;14.01;3314712;1.01.02;3;N;0;N;0;N;0;N;0;N;0;N;000;000001;030103;0;0,1;0,9;0;0;0
1979723353;N;rev9500.2400;Revisão de 2400 horas 9500;Revisão de 2400 horas 9500 - Troca de Óleo do Motor, Troca de Óleo da Transmissão e do Hidráulico, Troca de Filtro do Motor, Troca de Filtro do Combustível, Troca de Óleo do Cambio, Adição de aditivo no Radiador, Troca de Filtro do Hidráulico, Troca de Filtro de Ar,;0;01;14.01;3314712;1.01.02;3;N;0;N;0;N;0;N;0;N;0;N;000;000001;030103;0;0,1;0,9;0;0;0
1979723355;N;rev9500.2700;Revisão de 2700 horas 9500;Revisão de 2700 horas 9500 - Troca de Óleo do Motor, Troca de Óleo da Transmissão e do Hidráulico, Troca de Filtro do Motor, Troca de Filtro do Combustível, Troca de Óleo do Cambio, Troca de Filtro do Hidráulico, Troca de Filtro de Ar, Troca de Filtro de Ar.;0;01;14.01;3314712;1.01.02;3;N;0;N;0;N;0;N;0;N;0;N;000;000001;030103;0;0,1;0,9;0;0;0
1979723339;N;rev9500.300;Revisão de 300 horas 9500;Revisão de 300 horas 9500 - Troca de Óleo do Motor, Troca de Óleo da Transmissão e do Hidráulico, Troca de Filtro do Motor, Troca de Filtro do Combustível, Troca de Óleo do Cambio, Troca de Filtro do Hidráulico, Troca de Filtro de Ar, Troca de Filtro de Ar.;0;01;14.01;3314712;1.01.02;3;N;0;N;0;N;0;N;0;N;0;N;000;000001;030103;0;0,1;0,9;0;0;0
1979723357;N;rev9500.3000;Revisão de 3000 horas 9500;Revisão de 3000 horas 9500 - Troca de Óleo do Motor, Troca de Óleo da Transmissão e do Hidráulico, Troca de Filtro do Motor, Troca de Filtro do Combustível, Troca de Óleo do Cambio, Troca de Filtro do Hidráulico, Troca de Filtro de Ar, Troca de Filtro de Ar.;0;01;14.01;3314712;1.01.02;3;N;0;N;0;N;0;N;0;N;0;N;000;000001;030103;0;0,1;0,9;0;0;0
1979723337;N;rev9500.50;Revisão de 50 horas 9500;Revisão de 50 horas 9500 - Troca de Óleo do Motor, Troca de Óleo da Transmissão e do Hidráulico, Troca de Filtro do Motor, Troca de Filtro do Combustível, Troca de Filtro do Hidráulico.;0;01;14.01;3314712;1.01.02;3;N;0;N;0;N;0;N;0;N;0;N;000;000001;030103;0;0,1;0,9;0;0;0
1979723341;N;rev9500.600;Revisão de 600 horas 9500;Revisão de 600 horas 9500 - Troca de Óleo do Motor, Troca de Óleo da Transmissão e do Hidráulico, Troca de Filtro do Motor, Troca de Filtro do Combustível, Troca de Óleo do Cambio, Troca de Filtro do Hidráulico, Troca de Filtro de Ar, Troca de Filtro de Ar.;0;01;14.01;3314712;1.01.02;3;N;0;N;0;N;0;N;0;N;0;N;000;000001;030103;0;0,1;0,9;0;0;0
1979723343;N;rev9500.900;Revisão de 900 horas 9500;Revisão de 900 horas 9500 - Troca de Óleo do Motor, Troca de Óleo da Transmissão e do Hidráulico, Troca de Filtro do Motor, Troca de Filtro do Combustível, Troca de Óleo do Cambio, Troca de Filtro do Hidráulico, Troca de Filtro de Ar, Troca de Filtro de Ar.;0;01;14.01;3314712;1.01.02;3;N;0;N;0;N;0;N;0;N;0;N;000;000001;030103;0;0,1;0,9;0;0;0
1979543010;N;vis.diag;Visita de Diagnóstico;Visita de Diagnóstico;0;01;14.01;140101;;3;N;0;N;0;N;0;N;0;N;0;N;000;000001;030103;0;0,1;0,9;0;0;0
1980428676;N;abr.trat.mei;Abrir Trator Ao Meio;Abrir Trator Ao Meio - Abrir Trator Ao Meio;0;01;14.01;3314712;1.01.02;3;N;0;N;0;N;0;N;0;N;0;N;000;000001;030103;0;0,1;0,9;0;0;0
1980427994;N;cal.trat.mei;Calçar Cabine Para Abrir Trator Ao Meio;Calçar Cabine Para Abrir Trator Ao Meio -;0;01;14.01;3314712;1.01.02;3;N;0;N;0;N;0;N;0;N;0;N;000;000001;030103;0;0,1;0,9;0;0;0
1980428091;N;des.conj.frei;Desmontagem Do Conjunto Do Freio, Substituição Dos Discos E Montagem Do Conjunto;Desmontagem Do Conjunto Do Freio, Substituição Dos Discos E Montagem Do Conjunto -;0;01;14.01;3314712;1.01.02;3;N;0;N;0;N;0;N;0;N;0;N;000;000001;030103;0;0,1;0,9;0;0;0
1980428048;N;des.mont.car;Desmontar/Montar Carenagem;Desmontar/Montar Carenagem -;0;01;14.01;3314712;1.01.02;3;N;0;N;0;N;0;N;0;N;0;N;000;000001;030103;0;0,1;0,9;0;0;0
1980428093;N;des.tran.tra;Desmontagem/Montagem Da Transmissão Traseira;Desmontagem/Montagem Da Transmissão Traseira -;0;01;14.01;3314712;1.01.02;3;N;0;N;0;N;0;N;0;N;0;N;000;000001;030103;0;0,1;0,9;0;0;0
1980428095;N;div.;Diversos;Diversos -;0,000001;01;14.01;140101;1.01.02;3;N;0;N;0;N;0;N;0;N;0;N;000;000001;030103;0;0,1;0,9;0;0;0
1992368846;N;ent.insp;INSPEÇÃO DE PRÉ ENTREGA TRATOR;INSPEÇÃO DE PRÉ ENTREGA TRATOR -;0;01;14.01;3314712;1.01.02;3;N;0;N;0;N;0;N;0;N;0;N;000;000001;030103;0;0,1;0,9;0;0;0
1980428097;N;ins.conj.fro;Instalação Conjunto Frontal;Instalação Conjunto Frontal -;0;01;14.01;3314712;1.01.02;3;N;0;N;0;N;0;N;0;N;0;N;000;000001;030103;0;0,1;0,9;0;0;0
1995400153;N;ins.moni.sem;Instalação do Monitor de Semente;Instalação do Monitor de Semente -;0;01;14.01;3314712;1.01.02;3;N;0;N;0;N;0;N;0;N;0;N;000;000001;030103;0;0,1;0,9;0;0;0
1980428101;N;lim.comb.sis;Limpeza Sistema De Combustível;Limpeza Sistema De Combustível -;0;01;14.01;3314712;1.01.02;3;N;0;N;0;N;0;N;0;N;0;N;000;000001;030103;0;0,1;0,9;0;0;0
1980428099;N;lim.cond.ar;Limpeza Ar Condicionado;Limpeza Ar Condicionado -;0;01;14.01;3314712;1.01.02;3;N;0;N;0;N;0;N;0;N;0;N;000;000001;030103;0;0,1;0,9;0;0;0
1980428103;N;lim.tanq.com;Limpeza Do Tanque De Combustível;Limpeza Do Tanque De Combustível -;0;01;14.01;3314712;1.01.02;3;N;0;N;0;N;0;N;0;N;0;N;000;000001;030103;0;0,1;0,9;0;0;0
1980428105;N;lub.card;Lubrificação Do Cardan;Lubrificação Do Cardan -;0;01;14.01;3314712;1.01.02;3;N;0;N;0;N;0;N;0;N;0;N;000;000001;030103;0;0,1;0,9;0;0;0
1980428107;N;lub.hidr;Lubrificação Hidráulico;Lubrificação Hidráulico -;0;01;14.01;3314712;1.01.02;3;N;0;N;0;N;0;N;0;N;0;N;000;000001;030103;0;0,1;0,9;0;0;0
1980428109;N;man.alav.tdp;Manutenção Alavanca TDP;Manutenção Alavanca TDP -;0;01;14.01;3314712;1.01.02;3;N;0;N;0;N;0;N;0;N;0;N;000;000001;030103;0;0,1;0,9;0;0;0
1980428111;N;man.alav.tra;Manutenção Alavanca Transmissão;Manutenção Alavanca Transmissão -;0;01;14.01;3314712;1.01.02;3;N;0;N;0;N;0;N;0;N;0;N;000;000001;030103;0;0,1;0,9;0;0;0
1980428113;N;man.bomb;Remoção/Instalação Bomba Dagua;Remoção/Instalação Bomba Dagua -;0;01;14.01;3314712;1.01.02;3;N;0;N;0;N;0;N;0;N;0;N;000;000001;030103;0;0,1;0,9;0;0;0
1980428115;N;man.cart;Manutencão Do Carter;Manutencão Do Carter -;0;01;14.01;3314712;1.01.02;3;N;0;N;0;N;0;N;0;N;0;N;000;000001;030103;0;0,1;0,9;0;0;0
1980428117;N;man.conj;Manutenção Conjunto Frontal;Manutenção Conjunto Frontal -;0;01;14.01;3314712;1.01.02;3;N;0;N;0;N;0;N;0;N;0;N;000;000001;030103;0;0,1;0,9;0;0;0
1980428119;N;man.inte;Manutenção Intercooler;Manutenção Intercooler -;0;01;14.01;3314712;1.01.02;3;N;0;N;0;N;0;N;0;N;0;N;000;000001;030103;0;0,1;0,9;0;0;0
1980428121;N;man.moto;Manutenção Do Motor;Manutenção Do Motor -;0;01;14.01;3314712;1.01.02;3;N;0;N;0;N;0;N;0;N;0;N;000;000001;030103;0;0,1;0,9;0;0;0
1980428123;N;man.pist.dir;Manutenção Pistão Direção;Manutenção Pistão Direção -;0;01;14.01;3314712;1.01.02;3;N;0;N;0;N;0;N;0;N;0;N;000;000001;030103;0;0,1;0,9;0;0;0
1980428163;N;man.pist.hid;Manutenção do Pistão Hidráulico;Manutenção do Pistão Hidráulico -;0;01;14.01;3314712;1.01.02;3;N;0;N;0;N;0;N;0;N;0;N;000;000001;030103;0;0,1;0,9;0;0;0
1980428210;N;man.radi;Manutenção Radiador;Manutenção Radiador -;0;01;14.01;3314712;1.01.02;3;N;0;N;0;N;0;N;0;N;0;N;000;000001;030103;0;0,1;0,9;0;0;0
1980428262;N;man.tanq.com;Remoção/Instalação Do Tanque De Combustivel;Remoção/Instalação Do Tanque De Combustivel -;0;01;14.01;3314712;1.01.02;3;N;0;N;0;N;0;N;0;N;0;N;000;000001;030103;0;0,1;0,9;0;0;0
1980428290;N;man.vaza.mot;Manutenção De Vazamento No Motor;Manutenção De Vazamento No Motor - Manutenção De Vazamento No Motor;0;01;14.01;3314712;1.01.02;3;N;0;N;0;N;0;N;0;N;0;N;000;000001;030103;0;0,1;0,9;0;0;0
1980428338;N;mon.frei;Montagem Do Conjunto De Freio;Montagem Do Conjunto De Freio -;0;01;14.01;3314712;1.01.02;3;N;0;N;0;N;0;N;0;N;0;N;000;000001;030103;0;0,1;0,9;0;0;0
1980428379;N;reg.acel;Regulagem Acelerador;Regulagem Acelerador -;0;01;14.01;3314712;1.01.02;3;N;0;N;0;N;0;N;0;N;0;N;000;000001;030103;0;0,1;0,9;0;0;0
1980428434;N;reg.embr;Regulagem Do Pedal Da Embreagem;Regulagem Do Pedal Da Embreagem -;0;01;14.01;3314712;1.01.02;3;N;0;N;0;N;0;N;0;N;0;N;000;000001;030103;0;0,1;0,9;0;0;0
1980428472;N;reg.frei;Regulagem Do Freio;Regulagem Do Freio -;0;01;14.01;3314712;1.01.02;3;N;0;N;0;N;0;N;0;N;0;N;000;000001;030103;0;0,1;0,9;0;0;0
1980428516;N;reg.hidr;Regulagem Do Hidráulico;Regulagem Do Hidráulico -;0;01;14.01;3314712;1.01.02;3;N;0;N;0;N;0;N;0;N;0;N;000;000001;030103;0;0,1;0,9;0;0;0
1980428558;N;rem.eixo;Remoção/Instalação Do Eixo E Luvas De Tração Para Manutenção;Remoção/Instalação Do Eixo E Luvas De Tração Para Manutenção -;0;01;14.01;3314712;1.01.02;3;N;0;N;0;N;0;N;0;N;0;N;000;000001;030103;0;0,1;0,9;0;0;0
1980428608;N;rem.hidr;Remoção Da Tampa Do Hidraulico Para Manutencao;Remoção Da Tampa Do Hidraulico Para Manutencao -;0;01;14.01;3314712;1.01.02;3;N;0;N;0;N;0;N;0;N;0;N;000;000001;030103;0;0,1;0,9;0;0;0
1980428654;N;rem.moto;Remoção/Instalação Do Motor;Remoção/Instalação Do Motor -;0;01;14.01;3314712;1.01.02;3;N;0;N;0;N;0;N;0;N;0;N;000;000001;030103;0;0,1;0,9;0;0;0
1980428656;N;rem.roda;Remoção/Instalação Das Rodas Traseiras Para Eliminar Vazamentos Do Semieixo;Remoção/Instalação Das Rodas Traseiras Para Eliminar Vazamentos Do Semieixo -;0;01;14.01;3314712;1.01.02;3;N;0;N;0;N;0;N;0;N;0;N;000;000001;030103;0;0,1;0,9;0;0;0
1980428658;N;rem.turb;Manutenção Da Turbina - Remoção/Instalação;Manutenção Da Turbina - Remoção/Instalação -;0;01;14.01;3314712;1.01.02;3;N;0;N;0;N;0;N;0;N;0;N;000;000001;030103;0;0,1;0,9;0;0;0
1980428660;N;rep.mang.mot;Manutenção Da Mangueira Do Motor;Manutenção Da Mangueira Do Motor -;0;01;14.01;3314712;1.01.02;3;N;0;N;0;N;0;N;0;N;0;N;000;000001;030103;0;0,1;0,9;0;0;0
1980428662;N;rev.corr.alt;Revisão Da Correia Alternador;Revisão Da Correia Alternador -;0;01;14.01;3314712;1.01.02;3;N;0;N;0;N;0;N;0;N;0;N;000;000001;030103;0;0,1;0,9;0;0;0
1980428664;N;rev.cub.dia;Revisão Cubos Dianteiros;Revisão Cubos Dianteiros -;0;01;14.01;3314712;1.01.02;3;N;0;N;0;N;0;N;0;N;0;N;000;000001;030103;0;0,1;0,9;0;0;0
1980428666;N;rev.cub.tra;Revisão Cubos Traseiros;Revisão Cubos Traseiros -;0;01;14.01;3314712;1.01.02;3;N;0;N;0;N;0;N;0;N;0;N;000;000001;030103;0;0,1;0,9;0;0;0
1980428668;N;rev.eix.dia;Revisão Eixo Dianteiro;Revisão Eixo Dianteiro -;0;01;14.01;3314712;1.01.02;3;N;0;N;0;N;0;N;0;N;0;N;000;000001;030103;0;0,1;0,9;0;0;0
1980428670;N;rev.eix.tra;Revisão Eixo Traseiro;Revisão Eixo Traseiro -;0;01;14.01;3314712;1.01.02;3;N;0;N;0;N;0;N;0;N;0;N;000;000001;030103;0;0,1;0,9;0;0;0
1980428672;N;rev.elet;Revisão Parte Elétrica;Revisão Parte Elétrica -;0;01;14.01;3314712;1.01.02;3;N;0;N;0;N;0;N;0;N;0;N;000;000001;030103;0;0,1;0,9;0;0;0
1980428674;N;rev.gera;Revisão Geral;Revisão Geral -;0;01;14.01;3314712;1.01.02;3;N;0;N;0;N;0;N;0;N;0;N;000;000001;030103;0;0,1;0,9;0;0;0
1980428678;N;sub.bomb;Substituição Da Bomba Dágua;Substituição Da Bomba Dágua -;0;01;14.01;3314712;1.01.02;3;N;0;N;0;N;0;N;0;N;0;N;000;000001;030103;0;0,1;0,9;0;0;0
1980428680;N;sub.camb.hid;Substituição Dos Cabos Do Cambio Do Sistema Hidraulico;Substituição Dos Cabos Do Cambio Do Sistema Hidraulico -;0;01;14.01;3314712;1.01.02;3;N;0;N;0;N;0;N;0;N;0;N;000;000001;030103;0;0,1;0,9;0;0;0
1980428682;N;sub.disc.fre;Substituição Dos Discos De Freio;Substituição Dos Discos De Freio -;0;01;14.01;3314712;1.01.02;3;N;0;N;0;N;0;N;0;N;0;N;000;000001;030103;0;0,1;0,9;0;0;0
1980428684;N;sub.man.hid;Substituição Mangueira Hidráulico;Substituição Mangueira Hidráulico -;0;01;14.01;3314712;1.01.02;3;N;0;N;0;N;0;N;0;N;0;N;000;000001;030103;0;0,1;0,9;0;0;0
1980428686;N;sub.mang.mot;Substituição Da Mangueira Do Motor;Substituição Da Mangueira Do Motor -;0;01;14.01;3314712;1.01.02;3;N;0;N;0;N;0;N;0;N;0;N;000;000001;030103;0;0,1;0,9;0;0;0
1980428688;N;sub.pont.hid;Substituição Das Ponteiras Do Comando Hidraulico;Substituição Das Ponteiras Do Comando Hidraulico -;0;01;14.01;3314712;1.01.02;3;N;0;N;0;N;0;N;0;N;0;N;000;000001;030103;0;0,1;0,9;0;0;0
1995416748;N;lim.radi.lev;Limpeza Do Radiador;Limpeza Do Radiador -;0;01;14.01;3314712;1.01.02;3;N;0;N;0;N;0;N;0;N;0;N;000;000001;030103;0;0,1;0,9;0;0;0
1995413266;N;man.comb.boia;Manutenção Boia do Tanque de Combustivel;Manutenção Boia do Tanque de Combustivel -;0;01;14.01;3314712;1.01.02;3;N;0;N;0;N;0;N;0;N;0;N;000;000001;030103;0;0,1;0,9;0;0;0
1995414948;N;man.vaza.trans;Manutenção De Vazamento na Transmissão;Manutenção De Vazamento na Transmissão -;0;01;14.01;3314712;1.01.02;3;N;0;N;0;N;0;N;0;N;0;N;000;000001;030103;0;0,1;0,9;0;0;0
1995415779;N;rec.;Recall;Recall -;0;01;14.01;3314712;1.01.02;3;N;0;N;0;N;0;N;0;N;0;N;000;000001;030103;0;0,1;0,9;0;0;0
1995487686;N;rev5050.1200;Revisão de 1200 horas 5050;Revisão de 1200 horas 5050 - Troca de Óleo do Motor, Troca de Filtro do Motor, Troca de Filtro do Combustível, Troca de Filtro do Hidráulico, Troca de Filtro de Ar, Troca de Filtro de Ar, Troca de Correia do Motor.;0;01;14.01;3314712;1.01.95;3;N;0;N;0;N;0;N;0;N;0;N;000;000001;030103;0;0,1;0,9;0;0;0
1995487689;N;rev5050.1500;Revisão de 1500 horas 5050;Revisão de 1500 horas 5050 - Troca de Óleo do Motor, Troca de Filtro do Motor, Troca de Filtro do Combustível, Troca de Filtro do Hidráulico, Troca de Filtro de Ar, Troca de Filtro de Ar.;0;01;14.01;3314712;1.01.95;3;N;0;N;0;N;0;N;0;N;0;N;000;000001;030103;0;0,1;0,9;0;0;0
1995487692;N;rev5050.1800;Revisão de 1800 horas 5050;Revisão de 1800 horas 5050 - Troca de Óleo do Motor, Troca de Filtro do Motor, Troca de Filtro do Combustível, Troca de Filtro do Hidráulico, Troca de Filtro de Ar, Troca de Filtro de Ar.;0;01;14.01;3314712;1.01.95;3;N;0;N;0;N;0;N;0;N;0;N;000;000001;030103;0;0,1;0,9;0;0;0
1995487695;N;rev5050.2100;Revisão de 2100 horas 5050;Revisão de 2100 horas 5050 - Troca de Óleo do Motor, Troca de Filtro do Motor, Troca de Filtro do Combustível, Troca de Filtro do Hidráulico, Troca de Óleo do Cambio, Adição de aditivo no Radiador, Troca de Filtro de Ar, Troca de Filtro de Ar.;0;01;14.01;3314712;1.01.95;3;N;0;N;0;N;0;N;0;N;0;N;000;000001;030103;0;0,1;0,9;0;0;0
1995487697;N;rev5050.2400;Revisão de 2400 horas 5050;Revisão de 2400 horas 5050 - Troca de Óleo do Motor, Troca de Filtro do Motor, Troca de Filtro do Combustível, Troca de Filtro do Hidráulico, Troca de Filtro de Ar, Troca de Filtro de Ar, Troca de Correia do Motor.;0;01;14.01;3314712;1.01.95;3;N;0;N;0;N;0;N;0;N;0;N;000;000001;030103;0;0,1;0,9;0;0;0
1995487699;N;rev5050.2700;Revisão de 2700 horas 5050;Revisão de 2700 horas 5050 - Troca de Óleo do Motor, Troca de Filtro do Motor, Troca de Filtro do Combustível, Troca de Filtro do Hidráulico, Troca de Filtro de Ar, Troca de Filtro de Ar.;0;01;14.01;3314712;1.01.95;3;N;0;N;0;N;0;N;0;N;0;N;000;000001;030103;0;0,1;0,9;0;0;0
1995487673;N;rev5050.300;Revisão de 300 horas 5050;Revisão de 300 horas 5050 - Troca de Óleo do Motor, Troca de Filtro do Motor, Troca de Filtro do Combustível, Troca de Filtro do Hidráulico, Troca de Filtro de Ar, Troca de Filtro de Ar.;0;01;14.01;3314712;1.01.95;3;N;0;N;0;N;0;N;0;N;0;N;000;000001;030103;0;0,1;0,9;0;0;0
1995487701;N;rev5050.3000;Revisão de 3000 horas 5050;Revisão de 3000 horas 5050 - Troca de Óleo do Motor, Troca de Filtro do Motor, Troca de Filtro do Combustível, Troca de Filtro do Hidráulico, Troca de Filtro de Ar, Troca de Filtro de Ar.;0;01;14.01;3314712;1.01.95;3;N;0;N;0;N;0;N;0;N;0;N;000;000001;030103;0;0,1;0,9;0;0;0
1995487664;N;rev5050.50;Revisão de 50 horas 5050;Revisão de 50 horas 5050 - Troca de Óleo do Motor, Troca de Filtro do Motor, Troca de Filtro do Combustível, Troca de Filtro do Hidráulico.;0;01;14.01;3314712;1.01.02;3;N;0;N;0;N;0;N;0;N;0;N;000;000001;030103;0;0,1;0,9;0;0;0
1995487682;N;rev5050.600;Revisão de 600 horas 5050;Revisão de 600 horas 5050 - Troca de Óleo do Motor, Troca de Filtro do Motor, Troca de Filtro do Combustível, Troca de Filtro do Hidráulico, Troca de Filtro de Ar, Troca de Filtro de Ar.;0;01;14.01;3314712;1.01.02;3;N;0;N;0;N;0;N;0;N;0;N;000;000001;030103;0;0,1;0,9;0;0;0
1995487684;N;rev5050.900;Revisão de 900 horas 5050;Revisão de 900 horas 5050 - Troca de Óleo do Motor, Troca de Filtro do Motor, Troca de Filtro do Combustível, Troca de Filtro do Hidráulico, Troca de Óleo do Cambio, Adição de aditivo no Radiador, Troca de Filtro de Ar, Troca de Filtro de Ar.;0;01;14.01;3314712;1.01.02;3;N;0;N;0;N;0;N;0;N;0;N;000;000001;030103;0;0,1;0,9;0;0;0
1995487719;N;rev6065.1200;Revisão de 1200 horas 6065;Revisão de 1200 horas 6065 - Troca de Óleo do Motor, Troca de Óleo da Transmissão e do Hidráulico, Troca de Filtro do Motor, Troca de Filtro do Combustível, Troca de Óleo do Cambio, Adição de aditivo no Radiador, Troca de Filtro do Hidráulico, Troca de Filtro de Ar,;0;01;14.01;3314712;1.01.02;3;N;0;N;0;N;0;N;0;N;0;N;000;000001;030103;0;0,1;0,9;0;0;0
1995487722;N;rev6065.1500;Revisão de 1500 horas 6065;Revisão de 1500 horas 6065 - Troca de Óleo do Motor, Troca de Óleo da Transmissão e do Hidráulico, Troca de Filtro do Motor, Troca de Filtro do Combustível, Troca de Óleo do Cambio, Troca de Filtro do Hidráulico, Troca de Filtro de Ar, Troca de Filtro de Ar.;0;01;14.01;3314712;1.01.02;3;N;0;N;0;N;0;N;0;N;0;N;000;000001;030103;0;0,1;0,9;0;0;0
1995487725;N;rev6065.1800;Revisão de 1800 horas 6065;Revisão de 1800 horas 6065 - Troca de Óleo do Motor, Troca de Óleo da Transmissão e do Hidráulico, Troca de Filtro do Motor, Troca de Filtro do Combustível, Troca de Óleo do Cambio, Troca de Filtro do Hidráulico, Troca de Filtro de Ar, Troca de Filtro de Ar.;0;01;14.01;3314712;1.01.02;3;N;0;N;0;N;0;N;0;N;0;N;000;000001;030103;0;0,1;0,9;0;0;0
1995487728;N;rev6065.2100;Revisão de 2100 horas 6065;Revisão de 2100 horas 6065 - Troca de Óleo do Motor, Troca de Óleo da Transmissão e do Hidráulico, Troca de Filtro do Motor, Troca de Filtro do Combustível, Troca de Óleo do Cambio, Troca de Filtro do Hidráulico, Troca de Filtro de Ar, Troca de Filtro de Ar.;0;01;14.01;3314712;1.01.02;3;N;0;N;0;N;0;N;0;N;0;N;000;000001;030103;0;0,1;0,9;0;0;0
1995487730;N;rev6065.2400;Revisão de 2400 horas 6065;Revisão de 2400 horas 6065 - Troca de Óleo do Motor, Troca de Óleo da Transmissão e do Hidráulico, Troca de Filtro do Motor, Troca de Filtro do Combustível, Troca de Óleo do Cambio, Adição de aditivo no Radiador, Troca de Filtro do Hidráulico, Troca de Filtro de Ar,;0;01;14.01;3314712;1.01.02;3;N;0;N;0;N;0;N;0;N;0;N;000;000001;030103;0;0,1;0,9;0;0;0
1995487732;N;rev6065.2700;Revisão de 2700 horas 6065;Revisão de 2700 horas 6065 - Troca de Óleo do Motor, Troca de Óleo da Transmissão e do Hidráulico, Troca de Filtro do Motor, Troca de Filtro do Combustível, Troca de Óleo do Cambio, Troca de Filtro do Hidráulico, Troca de Filtro de Ar, Troca de Filtro de Ar.;0;01;14.01;3314712;1.01.02;3;N;0;N;0;N;0;N;0;N;0;N;000;000001;030103;0;0,1;0,9;0;0;0
1995487705;N;rev6065.300;Revisão de 300 horas 6065;Revisão de 300 horas 6065 - Troca de Óleo do Motor, Troca de Óleo da Transmissão e do Hidráulico, Troca de Filtro do Motor, Troca de Filtro do Combustível, Troca de Óleo do Cambio, Troca de Filtro do Hidráulico, Troca de Filtro de Ar, Troca de Filtro de Ar.;0;01;14.01;3314712;1.01.02;3;N;0;N;0;N;0;N;0;N;0;N;000;000001;030103;0;0,1;0,9;0;0;0
1995487734;N;rev6065.3000;Revisão de 3000 horas 6065;Revisão de 3000 horas 6065 - Troca de Óleo do Motor, Troca de Óleo da Transmissão e do Hidráulico, Troca de Filtro do Motor, Troca de Filtro do Combustível, Troca de Óleo do Cambio, Troca de Filtro do Hidráulico, Troca de Filtro de Ar, Troca de Filtro de Ar.;0;01;14.01;3314712;1.01.02;3;N;0;N;0;N;0;N;0;N;0;N;000;000001;030103;0;0,1;0,9;0;0;0
1995487703;N;rev6065.50;Revisão de 50 horas 6065;Revisão de 50 horas 6065 - Troca de Óleo do Motor, Troca de Óleo da Transmissão e do Hidráulico, Troca de Filtro do Motor, Troca de Filtro do Combustível, Troca de Filtro do Hidráulico.;0;01;14.01;3314712;1.01.02;3;N;0;N;0;N;0;N;0;N;0;N;000;000001;030103;0;0,1;0,9;0;0;0
1995487713;N;rev6065.600;Revisão de 600 horas 6065;Revisão de 600 horas 6065 - Troca de Óleo do Motor, Troca de Óleo da Transmissão e do Hidráulico, Troca de Filtro do Motor, Troca de Filtro do Combustível, Troca de Óleo do Cambio, Troca de Filtro do Hidráulico, Troca de Filtro de Ar, Troca de Filtro de Ar.;0;01;14.01;3314712;1.01.02;3;N;0;N;0;N;0;N;0;N;0;N;000;000001;030103;0;0,1;0,9;0;0;0
1995487716;N;rev6065.900;Revisão de 900 horas 6065;Revisão de 900 horas 6065 - Troca de Óleo do Motor, Troca de Óleo da Transmissão e do Hidráulico, Troca de Filtro do Motor, Troca de Filtro do Combustível, Troca de Óleo do Cambio, Troca de Filtro do Hidráulico, Troca de Filtro de Ar, Troca de Filtro de Ar.;0;01;14.01;3314712;1.01.02;3;N;0;N;0;N;0;N;0;N;0;N;000;000001;030103;0;0,1;0,9;0;0;0
1995487749;N;rev8000.1200;Revisão de 1200 horas 8000;Revisão de 1200 horas 8000 - Troca de Óleo do Motor, Troca de Óleo da Transmissão e do Hidráulico, Troca de Filtro do Motor, Troca de Filtro do Combustível, Troca de Óleo do Cambio, Adição de aditivo no Radiador, Troca de Filtro do Hidráulico, Troca de Filtro de Ar,;0;01;14.01;3314712;1.01.02;3;N;0;N;0;N;0;N;0;N;0;N;000;000001;030103;0;0,1;0,9;0;0;0
1995487751;N;rev8000.1500;Revisão de 1500 horas 8000;Revisão de 1500 horas 8000 - Troca de Óleo do Motor, Troca de Óleo da Transmissão e do Hidráulico, Troca de Filtro do Motor, Troca de Filtro do Combustível, Troca de Óleo do Cambio, Troca de Filtro do Hidráulico, Troca de Filtro de Ar, Troca de Filtro de Ar.;0;01;14.01;3314712;1.01.02;3;N;0;N;0;N;0;N;0;N;0;N;000;000001;030103;0;0,1;0,9;0;0;0
1995487754;N;rev8000.1800;Revisão de 1800 horas 8000;Revisão de 1800 horas 8000 - Troca de Óleo do Motor, Troca de Óleo da Transmissão e do Hidráulico, Troca de Filtro do Motor, Troca de Filtro do Combustível, Troca de Óleo do Cambio, Troca de Filtro do Hidráulico, Troca de Filtro de Ar, Troca de Filtro de Ar.;0;01;14.01;3314712;1.01.02;3;N;0;N;0;N;0;N;0;N;0;N;000;000001;030103;0;0,1;0,9;0;0;0
1995487756;N;rev8000.2100;Revisão de 2100 horas 8000;Revisão de 2100 horas 8000 - Troca de Óleo do Motor, Troca de Óleo da Transmissão e do Hidráulico, Troca de Filtro do Motor, Troca de Filtro do Combustível, Troca de Óleo do Cambio, Troca de Filtro do Hidráulico, Troca de Filtro de Ar, Troca de Filtro de Ar.;0;01;14.01;3314712;1.01.02;3;N;0;N;0;N;0;N;0;N;0;N;000;000001;030103;0;0,1;0,9;0;0;0
1995487758;N;rev8000.2400;Revisão de 2400 horas 8000;Revisão de 2400 horas 8000 - Troca de Óleo do Motor, Troca de Óleo da Transmissão e do Hidráulico, Troca de Filtro do Motor, Troca de Filtro do Combustível, Troca de Óleo do Cambio, Adição de aditivo no Radiador, Troca de Filtro do Hidráulico, Troca de Filtro de Ar,;0;01;14.01;3314712;1.01.02;3;N;0;N;0;N;0;N;0;N;0;N;000;000001;030103;0;0,1;0,9;0;0;0
1995487760;N;rev8000.2700;Revisão de 2700 horas 8000;Revisão de 2700 horas 8000 - Troca de Óleo do Motor, Troca de Óleo da Transmissão e do Hidráulico, Troca de Filtro do Motor, Troca de Filtro do Combustível, Troca de Óleo do Cambio, Troca de Filtro do Hidráulico, Troca de Filtro de Ar, Troca de Filtro de Ar.;0;01;14.01;3314712;1.01.02;3;N;0;N;0;N;0;N;0;N;0;N;000;000001;030103;0;0,1;0,9;0;0;0
1995487741;N;rev8000.300;Revisão de 300 horas 8000;Revisão de 300 horas 8000 - Troca de Óleo do Motor, Troca de Óleo da Transmissão e do Hidráulico, Troca de Filtro do Motor, Troca de Filtro do Combustível, Troca de Óleo do Cambio, Troca de Filtro do Hidráulico, Troca de Filtro de Ar, Troca de Filtro de Ar.;0;01;14.01;3314712;1.01.02;3;N;0;N;0;N;0;N;0;N;0;N;000;000001;030103;0;0,1;0,9;0;0;0
1995487762;N;rev8000.3000;Revisão de 3000 horas 8000;Revisão de 3000 horas 8000 - Troca de Óleo do Motor, Troca de Óleo da Transmissão e do Hidráulico, Troca de Filtro do Motor, Troca de Filtro do Combustível, Troca de Óleo do Cambio, Troca de Filtro do Hidráulico, Troca de Filtro de Ar, Troca de Filtro de Ar.;0;01;14.01;3314712;1.01.02;3;N;0;N;0;N;0;N;0;N;0;N;000;000001;030103;0;0,1;0,9;0;0;0
1995487736;N;rev8000.50;Revisão de 50 horas 8000;Revisão de 50 horas 8000 - Troca de Óleo do Motor, Troca de Óleo da Transmissão e do Hidráulico, Troca de Filtro do Motor, Troca de Filtro do Combustível, Troca de Filtro do Hidráulico.;0;01;14.01;3314712;1.01.02;3;N;0;N;0;N;0;N;0;N;0;N;000;000001;030103;0;0,1;0,9;0;0;0
1995487745;N;rev8000.600;Revisão de 600 horas 8000;Revisão de 600 horas 8000 - Troca de Óleo do Motor, Troca de Óleo da Transmissão e do Hidráulico, Troca de Filtro do Motor, Troca de Filtro do Combustível, Troca de Óleo do Cambio, Troca de Filtro do Hidráulico, Troca de Filtro de Ar, Troca de Filtro de Ar.;0;01;14.01;3314712;1.01.02;3;N;0;N;0;N;0;N;0;N;0;N;000;000001;030103;0;0,1;0,9;0;0;0
1995487747;N;rev8000.900;Revisão de 900 horas 8000;Revisão de 900 horas 8000 - Troca de Óleo do Motor, Troca de Óleo da Transmissão e do Hidráulico, Troca de Filtro do Motor, Troca de Filtro do Combustível, Troca de Óleo do Cambio, Troca de Filtro do Hidráulico, Troca de Filtro de Ar, Troca de Filtro de Ar.;0;01;14.01;3314712;1.01.02;3;N;0;N;0;N;0;N;0;N;0;N;000;000001;030103;0;0,1;0,9;0;0;0
1995487765;N;rev9200.50;Revisão de 50 horas 9200;Revisão de 50 horas 9200 - Troca de Óleo do Motor, Troca de Óleo da Transmissão e do Hidráulico, Troca de Filtro do Motor, Troca de Filtro do Combustível, Troca de Filtro do Hidráulico.;0;01;14.01;3314712;1.01.02;3;N;0;N;0;N;0;N;0;N;0;N;000;000001;030103;0;0,1;0,9;0;0;0
1995415641;N;sub.cabo.hid;Substituição do Cabo do Comando Hidraúlico;Substituição do Cabo do Comando Hidraúlico -;0;01;14.01;3314712;1.01.02;3;N;0;N;0;N;0;N;0;N;0;N;000;000001;030103;0;0,1;0,9;0;0;0
1995413388;N;sub.comb.boia;Substituição da Boia do Tanque de Combustivel;Substituição da Boia do Tanque de Combustivel -;0;01;14.01;3314712;1.01.02;3;N;0;N;0;N;0;N;0;N;0;N;000;000001;030103;0;0,1;0,9;0;0;0
1995418019;N;sub.comb.filt;Substituição do Filtro do Combustível;Substituição do Filtro do Combustível -;0;01;14.01;3314712;1.01.02;3;N;0;N;0;N;0;N;0;N;0;N;000;000001;030103;0;0,1;0,9;0;0;0
1995420173;N;sub.difu.ar;Substituição do Difusor de Ar;Substituição do Difusor de Ar -;0;01;14.01;3314712;1.01.02;3;N;0;N;0;N;0;N;0;N;0;N;000;000001;030103;0;0,1;0,9;0;0;0
1995412720;N;sub.embr.disc;Substituição do Disco da Embreagem;Substituição do Disco da Embreagem -;0;01;14.01;3314712;1.01.02;3;N;0;N;0;N;0;N;0;N;0;N;000;000001;030103;0;0,1;0,9;0;0;0
1995415095;N;sub.filt.mot;Substituição do Filtro do Motor;Substituição do Filtro do Motor -;0;01;14.01;3314712;1.01.02;3;N;0;N;0;N;0;N;0;N;0;N;000;000001;030103;0;0,1;0,9;0;0;0
1995419141;N;sub.filt.succ;Substituição do Filtro de Sucção;Substituição do Filtro de Sucção -;0;01;14.01;3314712;1.01.02;3;N;0;N;0;N;0;N;0;N;0;N;000;000001;030103;0;0,1;0,9;0;0;0
1995418723;N;sub.filt.trans;Substituição do Filtro da Transmissão;Substituição do Filtro da Transmissão -;0;01;14.01;3314712;1.01.02;3;N;0;N;0;N;0;N;0;N;0;N;000;000001;030103;0;0,1;0,9;0;0;0
1995412604;N;sub.plat.embr;Substituição do Plato da Embreagem;Substituição do Plato da Embreagem -;0;01;14.01;3314712;1.01.02;3;N;0;N;0;N;0;N;0;N;0;N;000;000001;030103;0;0,1;0,9;0;0;0
1995415487;N;sub.port;Substituição da Porta do Trator;Substituição da Porta do Trator -;0;01;14.01;3314712;1.01.02;3;N;0;N;0;N;0;N;0;N;0;N;000;000001;030103;0;0,1;0,9;0;0;0
1995417159;N;sub.rete,rodd;Substituição do Retentor Roda Frontal Direita;Substituição do Retentor Roda Frontal Direita;0;01;14.01;3314712;1.01.02;3;N;0;N;0;N;0;N;0;N;0;N;000;000001;030103;0;0,1;0,9;0;0;0
1995415272;N;sub.term.dir;Substituição do Terminal da Direção;Substituição do Terminal da Direção -;0;01;14.01;3314712;1.01.02;3;N;0;N;0;N;0;N;0;N;0;N;000;000001;030103;0;0,1;0,9;0;0;0
2207870036;N;cor.card;Corte e instalação do cardan;Corte e instalação do carden;0;01;14.01;3314712;1.01.96;0;N;0;N;0;N;0;N;0;N;0;N;000;000001;030103;0;0,1;0,9;0;0;0
2067493896;N;ent.tecn;Entrega Técnica;"Entrega Técnica (Instruções de utilização e manutenção);";150;01;14.01;3314712;1.01.96;0;N;0;N;0;N;0;N;0;N;0;N;000;000001;030103;0;0,1;0,9;0;0;0
2202642873;N;fun.pol;Polimento;Polimento;0;01;14.01;3314712;1.01.96;0;N;0;N;0;N;0;N;0;N;0;N;000;000001;030103;0;0,1;0,9;0;0;0
2183081685;N;hr.munck;Hora Trabalhada Caminhão Munck;Hora Trabalhada Caminhão Munck;200;01;14.01;3314712;1.01.02;0;N;0;N;0;N;0;N;0;N;0;N;000;000001;030103;0;0,1;0,9;0;0;0
2055091636;S;km.inhao;KM de Deslocamento Caminhão;Deslocamento por KM;16,25;01;14.01;3314712;1.01.93;3;N;0;N;0;N;0;N;0;N;0;N;000;000001;030103;0;0,1;0,9;0;0;0
2183072179;N;km.inhao.munck;Deslocamento Caminhão Munck;Deslocamento Caminhão Munck;5;01;14.01;3314712;1.01.93;0;N;0;N;0;N;0;N;0;N;0;N;000;000001;030103;0;0,1;0,9;0;0;0
2182457020;N;km.inhao.truck;Deslocamento Caminhão Prancha;Deslocamento Caminhão Truck AQJ3H59;5;01;14.01;3314712;1.01.93;0;N;0;N;0;N;0;N;0;N;0;N;000;000001;030103;0;0,1;0,9;0;0;0
2208502473;N;lav.radi.com;Lavagem Completa do Sistema de Arrefecimento;Lavagem Completa do Sistema de Arrefecimento;0;01;14.01;3314712;1.01.02;3;N;0;N;0;N;0;N;0;N;0;N;000;000001;030103;0;0,1;0,9;0;0;0
1995646824;N;man.ajus.pla;Manutenção / Ajuste Plantadeira;Manutenção / Ajuste Plantadeira - Manutenção / Ajuaste Plantadeira;0;01;14.01;3314712;1.01.02;3;N;0;N;0;N;0;N;0;N;0;N;000;000001;030103;0;0,1;0,9;0;0;0
1995655768;N;man.bomb.inj;Manutenção Da Bomba Injetora;Manutenção Da Bomba Injetora - Manutenção Da Bomba Injetora;0;01;14.01;3314712;1.01.02;3;N;0;N;0;N;0;N;0;N;0;N;000;000001;030103;0;0,1;0,9;0;0;0
2203271410;N;man.fec;Manutenção na fechadura;Manutenção na fechadura;0;01;14.01;3314712;1.01.02;0;N;0;N;0;N;0;N;0;N;0;N;000;000001;030103;0;0,1;0,9;0;0;0
2202238326;N;mont.imp;Montagem de Implemento;Montagem de Implemento;150;01;14.01;3314712;1.01.92;0;N;0;N;0;N;0;N;0;N;0;N;000;000001;030103;0;0,1;0,9;0;0;0
2203271301;N;pol.funi;Polimento da Pintura;Pintura;0,001;01;14.01;3314712;1.01.02;3;N;0;N;0;N;0;N;0;N;0;N;000;000001;030103;0;0,1;0,9;0;0;0
2208507942;N;reg.valv;Regulagem Válvula;Regulagem Valvula;0;01;14.01;3314712;1.01.95;3;N;0;N;0;N;0;N;0;N;0;N;000;000001;030103;0;0,1;0,9;0;0;0
2208507831;N;reg.valv.mot;Regulagem de Valvulas;Retirada da Tampa de Valvulas, Remoção da junta, Aferição e Regulagem das Valvulas de Admissão e de Exaustão,  Aplicação da   Junta, montagem da Tampa de Valvula.;0,001;01;14.01;3314712;1.01.95;3;N;0;N;0;N;0;N;0;N;0;N;000;000001;030103;0;0,1;0,9;0;0;0
2203271210;N;rem.inst.pain;Remoção e Instalação da Grade;Remoção e Instalação da Grade;0,00001;01;14.01;3314712;1.01.02;0;N;0;N;0;N;0;N;0;N;0;N;000;000001;030103;0;0,1;0,9;0;0;0
2204379043;N;rev.pdi;Revisão Pré Entrega;Revisão de Recebimento dos Tratores da Fabrica;0,0001;01;14.01;3314712;1.01.95;0;N;0;N;0;N;0;N;0;N;0;N;000;000001;030103;0;0,1;0,9;0;0;0
1995487793;N;rev86110.100;Revisão de 100 horas 86-110;Revisão de 100 horas 86-110 - Troca de Óleo do Combustível, Troca de Filtro Lubrificante do Motor, Troca de Filtro do Combustível, Troca de Filtro da Transmissão, Troca de Óleo do Diferencial/Planetarias, Troca de Óleo do Diferencial/Planetarias, Troca de Filtro da Transmissão,;0;01;14.01;3314712;;3;N;0;N;0;N;0;N;0;N;0;N;000;000001;030103;0;0,1;0,9;0;0;0
1995487803;N;rev86110.1200;Revisão de 1200 horas 86-110;Revisão de 1200 horas 86-110 -;0;01;14.01;3314712;1.01.95;3;N;0;N;0;N;0;N;0;N;0;N;000;000001;030103;0;0,1;0,9;0;0;0
1995487805;N;rev86110.1500;Revisão de 1500 horas 86-110;Revisão de 1500 horas 86-110 -;0;01;14.01;3314712;;3;N;0;N;0;N;0;N;0;N;0;N;000;000001;030103;0;0,1;0,9;0;0;0
1995487808;N;rev86110.1800;Revisão de 1800 horas 86-110;Revisão de 1800 horas 86-110 -;0;01;14.01;3314712;;3;N;0;N;0;N;0;N;0;N;0;N;000;000001;030103;0;0,1;0,9;0;0;0
1995487796;N;rev86110.300;Revisão de 300 horas 86-110;Revisão de 300 horas 86-110 -;0;01;14.01;3314712;;3;N;0;N;0;N;0;N;0;N;0;N;000;000001;030103;0;0,1;0,9;0;0;0
1995487798;N;rev86110.600;Revisão de 600 horas 86-110;Revisão de 600 horas 86-110 -;0;01;14.01;3314712;;3;N;0;N;0;N;0;N;0;N;0;N;000;000001;030103;0;0,1;0,9;0;0;0
1995487800;N;rev86110.900;Revisão de 900 horas 86-110;Revisão de 900 horas 86-110 -;0;01;14.01;3314712;;3;N;0;N;0;N;0;N;0;N;0;N;000;000001;030103;0;0,1;0,9;0;0;0
1995487777;N;rev9200.1200;Revisão de 1200 horas 9200;Revisão de 1200 horas 9200 - Troca de Óleo do Motor, Troca de Óleo da Transmissão e do Hidráulico, Troca de Filtro do Motor, Troca de Filtro do Combustível, Troca de Óleo do Cambio, Adição de aditivo no Radiador, Troca de Filtro do Hidráulico, Troca de Filtro de Ar,;0;01;14.01;3314712;1.01.02;3;N;0;N;0;N;0;N;0;N;0;N;000;000001;030103;0;0,1;0,9;0;0;0
1995487780;N;rev9200.1500;Revisão de 1500 horas 9200;Revisão de 1500 horas 9200 - Troca de Óleo do Motor, Troca de Óleo da Transmissão e do Hidráulico, Troca de Filtro do Motor, Troca de Filtro do Combustível, Troca de Óleo do Cambio, Troca de Filtro do Hidráulico, Troca de Filtro de Ar, Troca de Filtro de Ar.;0;01;14.01;3314712;1.01.02;3;N;0;N;0;N;0;N;0;N;0;N;000;000001;030103;0;0,1;0,9;0;0;0
1995487783;N;rev9200.1800;Revisão de 1800 horas 9200;Revisão de 1800 horas 9200 - Troca de Óleo do Motor, Troca de Óleo da Transmissão e do Hidráulico, Troca de Filtro do Motor, Troca de Filtro do Combustível, Troca de Óleo do Cambio, Troca de Filtro do Hidráulico, Troca de Filtro de Ar, Troca de Filtro de Ar.;0;01;14.01;3314712;1.01.02;3;N;0;N;0;N;0;N;0;N;0;N;000;000001;030103;0;0,1;0,9;0;0;0
1995487785;N;rev9200.2100;Revisão de 2100 horas 9200;Revisão de 2100 horas 9200 - Troca de Óleo do Motor, Troca de Óleo da Transmissão e do Hidráulico, Troca de Filtro do Motor, Troca de Filtro do Combustível, Troca de Óleo do Cambio, Troca de Filtro do Hidráulico, Troca de Filtro de Ar, Troca de Filtro de Ar.;0;01;14.01;3314712;1.01.02;3;N;0;N;0;N;0;N;0;N;0;N;000;000001;030103;0;0,1;0,9;0;0;0
1995487787;N;rev9200.2400;Revisão de 2400 horas 9200;Revisão de 2400 horas 9200 - Troca de Óleo do Motor, Troca de Óleo da Transmissão e do Hidráulico, Troca de Filtro do Motor, Troca de Filtro do Combustível, Troca de Óleo do Cambio, Adição de aditivo no Radiador, Troca de Filtro do Hidráulico, Troca de Filtro de Ar,;0;01;14.01;3314712;1.01.02;3;N;0;N;0;N;0;N;0;N;0;N;000;000001;030103;0;0,1;0,9;0;0;0
1995487789;N;rev9200.2700;Revisão de 2700 horas 9200;Revisão de 2700 horas 9200 - Troca de Óleo do Motor, Troca de Óleo da Transmissão e do Hidráulico, Troca de Filtro do Motor, Troca de Filtro do Combustível, Troca de Óleo do Cambio, Troca de Filtro do Hidráulico, Troca de Filtro de Ar, Troca de Filtro de Ar.;0;01;14.01;3314712;1.01.02;3;N;0;N;0;N;0;N;0;N;0;N;000;000001;030103;0;0,1;0,9;0;0;0
1995487767;N;rev9200.300;Revisão de 300 horas 9200;Revisão de 300 horas 9200 - Troca de Óleo do Motor, Troca de Óleo da Transmissão e do Hidráulico, Troca de Filtro do Motor, Troca de Filtro do Combustível, Troca de Óleo do Cambio, Troca de Filtro do Hidráulico, Troca de Filtro de Ar, Troca de Filtro de Ar.;0;01;14.01;3314712;1.01.02;3;N;0;N;0;N;0;N;0;N;0;N;000;000001;030103;0;0,1;0,9;0;0;0
1995487791;N;rev9200.3000;Revisão de 3000 horas 9200;Revisão de 3000 horas 9200 - Troca de Óleo do Motor, Troca de Óleo da Transmissão e do Hidráulico, Troca de Filtro do Motor, Troca de Filtro do Combustível, Troca de Óleo do Cambio, Troca de Filtro do Hidráulico, Troca de Filtro de Ar, Troca de Filtro de Ar.;0;01;14.01;3314712;1.01.02;3;N;0;N;0;N;0;N;0;N;0;N;000;000001;030103;0;0,1;0,9;0;0;0
1995487770;N;rev9200.600;Revisão de 600 horas 9200;Revisão de 600 horas 9200 - Troca de Óleo do Motor, Troca de Óleo da Transmissão e do Hidráulico, Troca de Filtro do Motor, Troca de Filtro do Combustível, Troca de Óleo do Cambio, Troca de Filtro do Hidráulico, Troca de Filtro de Ar, Troca de Filtro de Ar.;0;01;14.01;3314712;1.01.02;3;N;0;N;0;N;0;N;0;N;0;N;000;000001;030103;0;0,1;0,9;0;0;0
1995487773;N;rev9200.900;Revisão de 900 horas 9200;Revisão de 900 horas 9200 - Troca de Óleo do Motor, Troca de Óleo da Transmissão e do Hidráulico, Troca de Filtro do Motor, Troca de Filtro do Combustível, Troca de Óleo do Cambio, Troca de Filtro do Hidráulico, Troca de Filtro de Ar, Troca de Filtro de Ar.;0;01;14.01;3314712;1.01.02;3;N;0;N;0;N;0;N;0;N;0;N;000;000001;030103;0;0,1;0,9;0;0;0
1995638591;N;sub.anel.ori;Substituição Anel Oring;Substituição Anel Oring - Subistituição Anel Oring;0;01;14.01;3314712;1.01.02;3;N;0;N;0;N;0;N;0;N;0;N;000;000001;030103;0;0,1;0,9;0;0;0
2066342708;N;sub.bate;Substituição da Bateria;Substituição da Bateria;0;01;14.01;3314712;1.01.02;3;N;0;N;0;N;0;N;0;N;0;N;000;000001;030103;0;0,1;0,9;0;0;0
1995574312;N;sub.enga.rap;Substituição Do Engate Rápido;Substituição Do Engate Rápido - Substituição Do Engate Rapido;0;01;14.01;3314712;1.01.02;3;N;0;N;0;N;0;N;0;N;0;N;000;000001;030103;0;0,1;0,9;0;0;0
2203271785;N;sub.lan.trad;Substituição da Lanterna Traseira Direita;Substituição da Lanterna Traseira Direita;0,00001;01;14.01;3314712;1.01.02;0;N;0;N;0;N;0;N;0;N;0;N;000;000001;030103;0;0,1;0,9;0;0;0
2203271835;N;sub.lant.trae;Substituição da Lanterna Traseira Esquerda;Substituição da Lanterna Traseira Esquerda;0;01;14.01;3314712;1.01.02;0;N;0;N;0;N;0;N;0;N;0;N;000;000001;030103;0;0,1;0,9;0;0;0
2208502321;N;sub.oleo.cub;Substituição do Óleo do Cubo da Roda Dianteira;Substituição do Óleo do Cubo da Roda Dianteira;0;01;14.01;3314712;1.01.02;0;N;0;N;0;N;0;N;0;N;0;N;000;000001;030103;0;0,1;0,9;0;0;0
1995644605;N;sub.peça;Substituição De Peça;Substituição De Peça - Substituição De Peça;0;01;14.01;3314712;1.01.02;3;N;0;N;0;N;0;N;0;N;0;N;000;000001;030103;0;0,1;0,9;0;0;0
2203271716;N;sub.ret.rode;Substituição do Retentor Roda Frontal Esquerda;Substituição do Retentor Roda Frontal Esquerda;0;01;14.01;3314712;1.01.02;0;N;0;N;0;N;0;N;0;N;0;N;000;000001;030103;0;0,1;0,9;0;0;0
2037745439;N;vis.rep1;Visita Técnica nº1;Visita Técnica nº1;0;01;14.01;3314712;;3;N;0;N;0;N;0;N;0;N;0;N;000;000001;030103;0;0,1;0,9;0;0;0
2037745441;N;vis.rep2;Visita Técnica nº2;Visita Técnica nº2;0;01;14.01;3314712;;3;N;0;N;0;N;0;N;0;N;0;N;000;000001;030103;0;0,1;0,9;0;0;0
2037745443;N;vis.rep3;Visita Técnica nº3;Visita Técnica nº3;0;01;14.01;3314712;;3;N;0;N;0;N;0;N;0;N;0;N;000;000001;030103;0;0,1;0,9;0;0;0
2037745445;N;vis.rep4;Visita Técnica nº4;Visita Técnica nº4;0;01;14.01;3314712;;3;N;0;N;0;N;0;N;0;N;0;N;000;000001;030103;0;0,1;0,9;0;0;0
2037745447;N;vis.rep5;Visita Técnica nº5;Visita Técnica nº5;0;01;14.01;3314712;;3;N;0;N;0;N;0;N;0;N;0;N;000;000001;030103;0;0,1;0,9;0;0;0
2037745450;N;vis.rep6;Visita Técnica nº6;Visita Técnica nº6;0;01;14.01;3314712;;3;N;0;N;0;N;0;N;0;N;0;N;000;000001;030103;0;0,1;0,9;0;0;0
2037745452;N;vis.rep7;Visita Técnica nº7;Visita Técnica nº7;0;01;14.01;3314712;;3;N;0;N;0;N;0;N;0;N;0;N;000;000001;030103;0;0,1;0,9;0;0;0
2037745454;N;vis.rep8;Visita Técnica nº8;Visita Técnica nº8;0;01;14.01;3314712;;3;N;0;N;0;N;0;N;0;N;0;N;000;000001;030103;0;0,1;0,9;0;0;0
2216884065;N;dre.tanq.com;Drenar Diesel do Tanque de Combustivel;Drenar Tanque Combustivel;0;01;14.01;3314712;1.01.02;3;N;0;N;0;N;0;N;0;N;0;N;000;000001;030103;0;0,1;0,9;0;0;0
2209647062;N;lim.filt.cen;Limpeza do Filtro Centrifugo;Remoção do Filtro Centrifugo, limpeza do Filtro e instalação do filtro centrifugo;0;01;14.01;3314712;1.01.95;3;S;0;N;0;N;0;N;0;N;0;N;000;000001;030103;0;0,1;0,9;0;0;0
2209646823;N;lim.valv.egr;Limpeza da Valvula EGR;Limpeza da Valvula EGR;0;01;14.01;3314712;1.01.95;3;N;0;N;0;N;0;N;0;N;0;N;000;000001;030103;0;0,1;0,9;0;0;0
2403839881;N;R.HR;Hora Retrabalhada;Hora Retrabalhada;185;01;14.01;3314712;1.01.02;0;N;0;N;0;N;0;N;0;N;0;N;000;000001;030103;0;0,1;0,9;0;0;0
2216884390;N;rep.tanq.com;Repor Diesel Tanque;Repor Diesel no Tanque de Combustivel;0;01;14.01;3314712;1.01.02;3;N;0;N;0;N;0;N;0;N;0;N;000;000001;030103;0;0,1;0,9;0;0;0
2209673817;N;sol.aber.os;.Solicitação de Serviço;Modelo:|Chassis:|Horimetro:||Solicitação Cliente:|Serviço realizado:|;0,000001;01;14.01;140101;1.01.02;3;N;0;N;0;N;0;N;0;N;0;N;000;000001;030103;0;0,1;0,9;0;0;0
2208512038;N;sub.filt.ar;Substituição Filtro de Ar;Substituição Filtro de Ar;0;01;14.01;3314712;1.01.95;3;N;0;N;0;N;0;N;0;N;0;N;000;000001;030103;0;0,1;0,9;0;0;0
2208511918;N;sub.filt.lub;Substituição Filtro Lubrificante;Filtro Lubrificante;0;01;14.01;3314712;1.01.95;3;N;0;N;0;N;0;N;0;N;0;N;000;000001;030103;0;0,1;0,9;0;0;0
2208511804;N;sub.oleo.mot;Substituição Óleo do Motor;Substituição Óleo do Motor;0;01;14.01;3314712;1.01.95;3;N;0;N;0;N;0;N;0;N;0;N;000;000001;030103;0;0,1;0,9;0;0;0
2216885658;N;tro.tanq.com;Substituição da Junta do Tanque de Combustivel;Raspagem da Junta do Tanque e|Colagem da Junta do Tanque;0;01;14.01;3314712;1.01.02;3;N;0;N;0;N;0;N;0;N;0;N;000;000001;030103;0;0,1;0,9;0;0;0